{
  "gram": [
    {
      "iName": "Flour",
      "iCup": 140,
      "iSpoon": 10,
      "iTeaspoon": -1
    },
    {
      "iName": "Cocoa",
      "iCup": 140,
      "iSpoon": 10,
      "iTeaspoon": -1
    },
    {
      "iName": "Cornflour",
      "iCup": 140,
      "iSpoon": 10,
      "iTeaspoon": -1
    },
    {
      "iName": "Salt",
      "iCup": -1,
      "iSpoon": 15,
      "iTeaspoon": 5
    },
    {
      "iName": "WhiteSugar",
      "iCup": 200,
      "iSpoon": 12,
      "iTeaspoon": 4
    },
    {
      "iName": "BrownSugar",
      "iCup": 240,
      "iSpoon": 15,
      "iTeaspoon": 5
    },
    {
      "iName": "SugarPowder",
      "iCup": 120,
      "iSpoon": 8,
      "iTeaspoon": 3
    },
    {
      "iName": "BakingPowder",
      "iCup": -1,
      "iSpoon": 10,
      "iTeaspoon": 3
    },
    {
      "iName": "BakingSoda",
      "iCup": -1,
      "iSpoon": 10,
      "iTeaspoon": 3
    },
    {
      "iName": "Honey",
      "iCup": 320,
      "iSpoon": 20,
      "iTeaspoon": 7
    },
    {
      "iName": "Butter",
      "iCup": 240,
      "iSpoon": 15,
      "iTeaspoon": -1
    }
  ],
  "ml": [
    {
      "iName": "All",
      "iCup": 240,
      "iSpoon": 15,
      "iTeaspoon": 3
    }
  ],
  "temperature": [{
    "iName":"Fahrenheit"
  },
    {
      "iName":"Celsius"
    }]
}

